<?xml version="1.0" encoding="utf-8" standalone="yes"?>
<rss version="2.0" xmlns:atom="http://www.w3.org/2005/Atom">
  <channel>
    <title>R on A Hugo website</title>
    <link>/categories/r/</link>
    <description>Recent content in R on A Hugo website</description>
    <generator>Hugo -- gohugo.io</generator>
    <language>en-us</language>
    <lastBuildDate>Tue, 01 Dec 2020 21:13:14 -0500</lastBuildDate><atom:link href="/categories/r/index.xml" rel="self" type="application/rss+xml" />
    <item>
      <title>Hello R Markdown</title>
      <link>/2020/12/01/hello-r-markdown/</link>
      <pubDate>Tue, 01 Dec 2020 21:13:14 -0500</pubDate>
      
      <guid>/2020/12/01/hello-r-markdown/</guid>
      <description>p{&#34;x&#34;:{&#34;links&#34;:{&#34;source&#34;:[&#34;http://localhost:4321/&#34;],&#34;target&#34;:[&#34;https://google.com&#34;],&#34;colour&#34;:[&#34;#666&#34;]},&#34;nodes&#34;:{&#34;name&#34;:[&#34;http://localhost:4321/&#34;,&#34;https://google.com&#34;],&#34;group&#34;:[1,1]},&#34;options&#34;:{&#34;NodeID&#34;:&#34;name&#34;,&#34;Group&#34;:&#34;group&#34;,&#34;colourScale&#34;:&#34;d3.scaleOrdinal(d3.schemeCategory20);&#34;,&#34;fontSize&#34;:7,&#34;fontFamily&#34;:&#34;serif&#34;,&#34;clickTextSize&#34;:17.5,&#34;linkDistance&#34;:50,&#34;linkWidth&#34;:&#34;function(d) { return Math.sqrt(d.value); }&#34;,&#34;charge&#34;:-30,&#34;opacity&#34;:1,&#34;zoom&#34;:false,&#34;legend&#34;:false,&#34;arrows&#34;:false,&#34;nodesize&#34;:false,&#34;radiusCalculation&#34;:&#34; Math.sqrt(d.nodesize)+6&#34;,&#34;bounded&#34;:true,&#34;opacityNoHover&#34;:0,&#34;clickAction&#34;:&#34;alert(\&#34;You clicked \&#34; + d.name + \&#34; which is in row \&#34; +\n (d.index + 1) + \&#34; of your original R data frame\&#34;);&#34;}},&#34;evals&#34;:[],&#34;jsHooks&#34;:[]}R MarkdownThis is an R Markdown document. Markdown is a simple formatting syntax for authoring HTML, PDF, and MS Word documents. For more details on using R Markdown see http://rmarkdown.rstudio.com.
You can embed an R code chunk like this:</description>
    </item>
    
  </channel>
</rss>
